{
  "target_col": "irr_volume",
  "lookback": 12,
  "n_features": 24,
  "seed": 42,
  "model_results": {
    "Linear Regression": {
      "MAE": 15.533903121948242,
      "MSE": 449.59326171875,
      "RMSE": 21.203614355075175,
      "R2": -0.22621774673461914,
      "MAPE": 70.67377471923828,
      "Type": "ML-Baseline",
      "Train_Time": 0.012311935424804688,
      "Inf_Time": 0.00015792962804414004
    },
    "Ridge Regression": {
      "MAE": 15.586362838745117,
      "MSE": 451.34771728515625,
      "RMSE": 21.2449456879785,
      "R2": -0.23100292682647705,
      "MAPE": 70.6517105102539,
      "Type": "ML-Baseline",
      "Train_Time": 0.004560947418212891,
      "Inf_Time": 4.47805976577364e-05
    },
    "Lasso Regression": {
      "MAE": 15.530089378356934,
      "MSE": 449.3594055175781,
      "RMSE": 21.19809910151328,
      "R2": -0.22557997703552246,
      "MAPE": 70.66962432861328,
      "Type": "ML-Baseline",
      "Train_Time": 0.3427088260650635,
      "Inf_Time": 7.635200767575152e-05
    },
    "Decision Tree": {
      "MAE": 2.6379576842035974,
      "MSE": 333.1689785644836,
      "RMSE": 18.252916987826456,
      "R2": 0.09131697673795136,
      "MAPE": 136.4155632501677,
      "Type": "ML-Ensemble",
      "Train_Time": 0.0366058349609375,
      "Inf_Time": 0.00010175429159829243
    },
    "Random Forest": {
      "MAE": 2.1949718083448793,
      "MSE": 87.25842012255124,
      "RMSE": 9.341221554087626,
      "R2": 0.7620119215670509,
      "MAPE": 55.491258644601714,
      "Type": "ML-Ensemble",
      "Train_Time": 1.1655659675598145,
      "Inf_Time": 0.00783958028622051
    },
    "Extra Trees": {
      "MAE": 2.5722634944338583,
      "MSE": 77.00982667112198,
      "RMSE": 8.775524296081802,
      "R2": 0.7899638723211513,
      "MAPE": 53.71784690983723,
      "Type": "ML-Ensemble",
      "Train_Time": 0.3609910011291504,
      "Inf_Time": 0.008087942045028896
    },
    "Gradient Boosting": {
      "MAE": 2.423043718765849,
      "MSE": 84.83655132274441,
      "RMSE": 9.210675942771216,
      "R2": 0.7686173116379833,
      "MAPE": 58.19513497332552,
      "Type": "ML-Ensemble",
      "Train_Time": 6.317995071411133,
      "Inf_Time": 0.0014803725290516196
    },
    "XGBoost": {
      "MAE": 3.239048719406128,
      "MSE": 81.58773803710938,
      "RMSE": 9.032593095955855,
      "R2": 0.7774780988693237,
      "MAPE": 54.467247009277344,
      "Type": "ML-Ensemble",
      "Train_Time": 0.6400771141052246,
      "Inf_Time": 0.0011993506909142527
    },
    "LightGBM": {
      "MAE": 2.6706069731760027,
      "MSE": 86.36123996789073,
      "RMSE": 9.293074839249424,
      "R2": 0.7644588852035223,
      "MAPE": 54.91557885620602,
      "Type": "ML-Ensemble",
      "Train_Time": 3.3348281383514404,
      "Inf_Time": 0.008548231429705337
    },
    "CatBoost": {
      "MAE": 2.1499739741122186,
      "MSE": 76.86336490421614,
      "RMSE": 8.767175423374175,
      "R2": 0.7903633312435208,
      "MAPE": 54.20867668129621,
      "Type": "ML-Ensemble",
      "Train_Time": 0.5757448673248291,
      "Inf_Time": 0.0006736685696257848
    },
    "SVR": {
      "MAE": 3.7726721732977015,
      "MSE": 162.19144827995802,
      "RMSE": 12.735440639410873,
      "R2": 0.5576400413829119,
      "MAPE": 54.44436843538828,
      "Type": "ML-Other",
      "Train_Time": 2.2804460525512695,
      "Inf_Time": 0.26448712864241464
    },
    "KNN": {
      "MAE": 3.355026154860104,
      "MSE": 183.75979369599096,
      "RMSE": 13.555802952831343,
      "R2": 0.49881466873313596,
      "MAPE": 65.08035128688799,
      "Type": "ML-Other",
      "Train_Time": 0.0004780292510986328,
      "Inf_Time": 0.03147676836591515
    },
    "ANN": {
      "MAE": 7.500152111053467,
      "MSE": 254.34913635253906,
      "RMSE": 15.948327070653495,
      "R2": 0.30628979206085205,
      "MAPE": 53.190826416015625,
      "Type": "DL",
      "Train_Time": 4.397588014602661,
      "Inf_Time": 0.04086392836665091
    },
    "RNN": {
      "MAE": 3.144368886947632,
      "MSE": 119.07268524169922,
      "RMSE": 10.912043128658318,
      "R2": 0.6752419471740723,
      "MAPE": 54.50849533081055,
      "Type": "DL",
      "Train_Time": 9.632551193237305,
      "Inf_Time": 0.11852560522349458
    },
    "LSTM": {
      "MAE": 7.939847469329834,
      "MSE": 351.5668640136719,
      "RMSE": 18.750116373336777,
      "R2": 0.04113882780075073,
      "MAPE": 81.25871276855469,
      "Type": "DL",
      "Train_Time": 8.766080141067505,
      "Inf_Time": 0.14826964751407617
    },
    "BiLSTM": {
      "MAE": 4.4604315757751465,
      "MSE": 240.7058563232422,
      "RMSE": 15.51469807386667,
      "R2": 0.34350037574768066,
      "MAPE": 77.16548156738281,
      "Type": "DL",
      "Train_Time": 17.13593888282776,
      "Inf_Time": 0.2888916834304322
    },
    "CNN-1D": {
      "MAE": 8.511387825012207,
      "MSE": 277.16015625,
      "RMSE": 16.648127710045955,
      "R2": 0.24407517910003662,
      "MAPE": 72.45885467529297,
      "Type": "DL",
      "Train_Time": 2.6463611125946045,
      "Inf_Time": 0.04374425705165079
    },
    "CNN-LSTM": {
      "MAE": 6.871326923370361,
      "MSE": 344.9393005371094,
      "RMSE": 18.572541574515572,
      "R2": 0.059214770793914795,
      "MAPE": 86.81480407714844,
      "Type": "DL",
      "Train_Time": 4.070066928863525,
      "Inf_Time": 0.09359478769055604
    },
    "RF (Optuna)": {
      "MAE": 3.464524366960503,
      "MSE": 133.6633340760331,
      "RMSE": 11.561286004421527,
      "R2": 0.6354474446245982,
      "MAPE": 61.12013722636893,
      "Type": "ML-Tuned",
      "Train_Time": 0.486083984375,
      "Inf_Time": 0.017485190381379613
    },
    "XGB (Optuna)": {
      "MAE": 4.784351348876953,
      "MSE": 152.4253387451172,
      "RMSE": 12.346065719293623,
      "R2": 0.5842760801315308,
      "MAPE": 62.646820068359375,
      "Type": "ML-Tuned",
      "Train_Time": 0.5843448638916016,
      "Inf_Time": 0.0011504331498748454
    },
    "SVR (Optuna)": {
      "MAE": 5.452349130328957,
      "MSE": 149.4658176045623,
      "RMSE": 12.225621358628866,
      "R2": 0.5923478482287308,
      "MAPE": 49.63390907954529,
      "Type": "ML-Tuned",
      "Train_Time": 12.00672698020935,
      "Inf_Time": 0.2882157649442304
    },
    "ANN (Optuna)": {
      "MAE": 4.281277656555176,
      "MSE": 286.08544921875,
      "RMSE": 16.914060695727386,
      "R2": 0.2197323441505432,
      "MAPE": 81.88548278808594,
      "Type": "DL-Tuned",
      "Train_Time": 2.5157480239868164,
      "Inf_Time": 0.042576840660524876
    },
    "LSTM (Optuna)": {
      "MAE": 4.2248215675354,
      "MSE": 244.16810607910156,
      "RMSE": 15.625879369785931,
      "R2": 0.33405745029449463,
      "MAPE": 78.66490936279297,
      "Type": "DL-Tuned",
      "Train_Time": 8.555691957473755,
      "Inf_Time": 0.15412015639120769
    }
  }
}