{
  "target_col": "irr_volume",
  "lookback": 12,
  "n_features": 24,
  "seed": 42,
  "model_results": {
    "Linear Regression": {
      "MAE": 15.533903121948242,
      "MSE": 449.59326171875,
      "RMSE": 21.203614355075175,
      "R2": -0.22621774673461914,
      "MAPE": 70.67377471923828,
      "Type": "ML-Baseline",
      "Train_Time": 0.01373910903930664,
      "Inf_Time": 0.00016068759029858734
    },
    "Ridge Regression": {
      "MAE": 15.586362838745117,
      "MSE": 451.34771728515625,
      "RMSE": 21.2449456879785,
      "R2": -0.23100292682647705,
      "MAPE": 70.6517105102539,
      "Type": "ML-Baseline",
      "Train_Time": 0.004943132400512695,
      "Inf_Time": 9.340782688088613e-05
    },
    "Lasso Regression": {
      "MAE": 15.530089378356934,
      "MSE": 449.3594055175781,
      "RMSE": 21.19809910151328,
      "R2": -0.22557997703552246,
      "MAPE": 70.66962432861328,
      "Type": "ML-Baseline",
      "Train_Time": 0.36196279525756836,
      "Inf_Time": 0.00013064031731592466
    },
    "Decision Tree": {
      "MAE": 2.6379576842035974,
      "MSE": 333.1689785644836,
      "RMSE": 18.252916987826456,
      "R2": 0.09131697673795136,
      "MAPE": 136.4155632501677,
      "Type": "ML-Ensemble",
      "Train_Time": 0.03842496871948242,
      "Inf_Time": 0.00011053622404008515
    },
    "Random Forest": {
      "MAE": 2.1949718083448793,
      "MSE": 87.25842012255124,
      "RMSE": 9.341221554087626,
      "R2": 0.7620119215670509,
      "MAPE": 55.491258644601714,
      "Type": "ML-Ensemble",
      "Train_Time": 1.405731201171875,
      "Inf_Time": 0.007440546694774425
    },
    "Extra Trees": {
      "MAE": 2.5722634944338583,
      "MSE": 77.00982667112198,
      "RMSE": 8.775524296081802,
      "R2": 0.7899638723211513,
      "MAPE": 53.71784690983723,
      "Type": "ML-Ensemble",
      "Train_Time": 0.4036719799041748,
      "Inf_Time": 0.008094038593170304
    },
    "Gradient Boosting": {
      "MAE": 2.423043718765849,
      "MSE": 84.83655132274441,
      "RMSE": 9.210675942771216,
      "R2": 0.7686173116379833,
      "MAPE": 58.19513497332552,
      "Type": "ML-Ensemble",
      "Train_Time": 6.4367241859436035,
      "Inf_Time": 0.0013879082155735707
    },
    "XGBoost": {
      "MAE": 3.239048719406128,
      "MSE": 81.58773803710938,
      "RMSE": 9.032593095955855,
      "R2": 0.7774780988693237,
      "MAPE": 54.467247009277344,
      "Type": "ML-Ensemble",
      "Train_Time": 0.5626130104064941,
      "Inf_Time": 0.0009680447513110018
    },
    "LightGBM": {
      "MAE": 2.6706069731760027,
      "MSE": 86.36123996789073,
      "RMSE": 9.293074839249424,
      "R2": 0.7644588852035223,
      "MAPE": 54.91557885620602,
      "Type": "ML-Ensemble",
      "Train_Time": 2.693124294281006,
      "Inf_Time": 0.009322057575939997
    },
    "CatBoost": {
      "MAE": 2.1499739741122186,
      "MSE": 76.86336490421614,
      "RMSE": 8.767175423374175,
      "R2": 0.7903633312435208,
      "MAPE": 54.20867668129621,
      "Type": "ML-Ensemble",
      "Train_Time": 0.5582640171051025,
      "Inf_Time": 0.00039939648121640743
    },
    "SVR": {
      "MAE": 3.7726721732977015,
      "MSE": 162.19144827995802,
      "RMSE": 12.735440639410873,
      "R2": 0.5576400413829119,
      "MAPE": 54.44436843538828,
      "Type": "ML-Other",
      "Train_Time": 2.1398439407348633,
      "Inf_Time": 0.2579890792591205
    },
    "KNN": {
      "MAE": 3.355026154860104,
      "MSE": 183.75979369599096,
      "RMSE": 13.555802952831343,
      "R2": 0.49881466873313596,
      "MAPE": 65.08035128688799,
      "Type": "ML-Other",
      "Train_Time": 0.0004420280456542969,
      "Inf_Time": 0.024643481412797576
    },
    "ANN": {
      "MAE": 7.500152111053467,
      "MSE": 254.34913635253906,
      "RMSE": 15.948327070653495,
      "R2": 0.30628979206085205,
      "MAPE": 53.190826416015625,
      "Type": "DL",
      "Train_Time": 4.512434005737305,
      "Inf_Time": 0.03856683612051257
    },
    "RNN": {
      "MAE": 3.144368886947632,
      "MSE": 119.07268524169922,
      "RMSE": 10.912043128658318,
      "R2": 0.6752419471740723,
      "MAPE": 54.50849533081055,
      "Type": "DL",
      "Train_Time": 8.412166118621826,
      "Inf_Time": 0.11698840415641053
    },
    "LSTM": {
      "MAE": 7.939847469329834,
      "MSE": 351.5668640136719,
      "RMSE": 18.750116373336777,
      "R2": 0.04113882780075073,
      "MAPE": 81.25871276855469,
      "Type": "DL",
      "Train_Time": 8.328521013259888,
      "Inf_Time": 0.14448739259391796
    },
    "BiLSTM": {
      "MAE": 4.4604315757751465,
      "MSE": 240.7058563232422,
      "RMSE": 15.51469807386667,
      "R2": 0.34350037574768066,
      "MAPE": 77.16548156738281,
      "Type": "DL",
      "Train_Time": 16.442497968673706,
      "Inf_Time": 0.26933424730460576
    },
    "CNN-1D": {
      "MAE": 8.511387825012207,
      "MSE": 277.16015625,
      "RMSE": 16.648127710045955,
      "R2": 0.24407517910003662,
      "MAPE": 72.45885467529297,
      "Type": "DL",
      "Train_Time": 2.3787319660186768,
      "Inf_Time": 0.04068190285785739
    },
    "CNN-LSTM": {
      "MAE": 6.871326923370361,
      "MSE": 344.9393005371094,
      "RMSE": 18.572541574515572,
      "R2": 0.059214770793914795,
      "MAPE": 86.81480407714844,
      "Type": "DL",
      "Train_Time": 3.5666661262512207,
      "Inf_Time": 0.08461464485621344
    },
    "RF (Optuna)": {
      "MAE": 3.464524366960503,
      "MSE": 133.6633340760331,
      "RMSE": 11.561286004421527,
      "R2": 0.6354474446245982,
      "MAPE": 61.12013722636893,
      "Type": "ML-Tuned",
      "Train_Time": 0.5001270771026611,
      "Inf_Time": 0.015527762960262675
    },
    "XGB (Optuna)": {
      "MAE": 4.784351348876953,
      "MSE": 152.4253387451172,
      "RMSE": 12.346065719293623,
      "R2": 0.5842760801315308,
      "MAPE": 62.646820068359375,
      "Type": "ML-Tuned",
      "Train_Time": 0.5556931495666504,
      "Inf_Time": 0.0009120145707732829
    },
    "SVR (Optuna)": {
      "MAE": 5.452349130328957,
      "MSE": 149.4658176045623,
      "RMSE": 12.225621358628866,
      "R2": 0.5923478482287308,
      "MAPE": 49.63390907954529,
      "Type": "ML-Tuned",
      "Train_Time": 11.119526863098145,
      "Inf_Time": 0.2798518089398946
    },
    "ANN (Optuna)": {
      "MAE": 4.281277656555176,
      "MSE": 286.08544921875,
      "RMSE": 16.914060695727386,
      "R2": 0.2197323441505432,
      "MAPE": 81.88548278808594,
      "Type": "DL-Tuned",
      "Train_Time": 2.328479051589966,
      "Inf_Time": 0.03847487985271297
    },
    "LSTM (Optuna)": {
      "MAE": 4.2248215675354,
      "MSE": 244.16810607910156,
      "RMSE": 15.625879369785931,
      "R2": 0.33405745029449463,
      "MAPE": 78.66490936279297,
      "Type": "DL-Tuned",
      "Train_Time": 7.950525999069214,
      "Inf_Time": 0.14492844882076733
    }
  }
}